block,contrast,n_pairs,n_cases,feature_mean,feature_sd,direction_mean,direction_sd,rank_mean
A,model_change,16200,300,0.4497,0.2514,0.0172,0.1064,0.3895
A,multi_change,16200,300,0.845,0.1308,0.085,0.2537,0.6442
A,repeat,5400,300,0.1241,0.2229,0.0133,0.0845,0.0848
A,xai_change,8100,300,0.8323,0.1311,0.0796,0.241,0.4798
A_prime,model_change,16200,300,0.3928,0.2097,0.0183,0.0795,0.4491
A_prime,multi_change,16200,300,0.5235,0.1902,0.0164,0.082,0.6601
A_prime,repeat,5400,300,0.1118,0.1777,0.0122,0.0541,0.0977
A_prime,xai_change,8100,300,0.4875,0.1999,0.0178,0.0832,0.6622
B,llm_change,24300,300,0.0373,0.0832,0.0016,0.0187,0.081
B,multi_change,48600,300,0.05,0.0924,0.0017,0.0189,0.1225
B,prompt_change,24300,300,0.0456,0.0894,0.0016,0.0185,0.1089
B,repeat,8100,300,0.0254,0.072,0.0013,0.0168,0.0427
C,llm_change,7200,100,0.1271,0.2234,0.0028,0.0315,0.1697
C,model_change,7200,100,0.4421,0.2508,0.0056,0.0508,0.3922
C,multi_change,43200,100,0.7115,0.2558,0.0403,0.1757,0.4337
C,repeat,1800,100,0.1038,0.215,0.0026,0.0302,0.0859
C,xai_change,3600,100,0.8318,0.1284,0.0593,0.2115,0.4854
D,llm_change,72000,60,0.0751,0.1098,0.0024,0.0233,0.1341
D,repeat,34200,60,0.0527,0.0996,0.0022,0.0226,0.0619
D0,llm_change,72000,60,0.0771,0.1156,0.0021,0.0206,0.1403
D0,repeat,34200,60,0.0398,0.0903,0.0016,0.0183,0.0541
