Block,Contrast,N pairs,Both high quality,Share high quality,High quality and divergent,Blind spot share,High quality with direction conflict,Direction conflict share
A,model_change,6480,3291,0.5079,2619,0.7958,80,0.0243
A,multi_change,6480,3088,0.4765,3061,0.9913,311,0.1007
A,repeat,2160,1192,0.5519,145,0.1216,25,0.021
A,xai_change,3240,1562,0.4821,1555,0.9955,156,0.0999
B,llm_change,9720,6409,0.6594,22,0.0034,45,0.007
B,multi_change,19440,12604,0.6484,58,0.0046,125,0.0099
B,prompt_change,9720,6364,0.6547,24,0.0038,78,0.0123
B,repeat,3240,2175,0.6713,5,0.0023,10,0.0046
D,llm_change,72000,46172,0.6413,854,0.0185,784,0.017
D,repeat,34200,22297,0.652,342,0.0153,271,0.0122
D0,llm_change,72000,47103,0.6542,1046,0.0222,884,0.0188
D0,repeat,34200,22949,0.671,255,0.0111,267,0.0116
